{"cameraMode":{"drawMode":0,"name":"Shaded","section":"Shading Mode"},"sceneLighting":false,"audioPlay":false,"sceneViewState":{"showFog":true,"showMaterialUpdate":false,"showSkybox":false,"showFlares":true,"showImageEffects":true,"showParticleSystems":true},"in2DMode":false,"pivot":{"x":0.31796497106552126,"y":0.02315240539610386,"z":0.05380641669034958},"rotation":{"x":0.23930905759334565,"y":0.32111549377441409,"z":-0.08422137051820755,"w":0.9124273061752319},"size":0.8254866003990173,"orthographic":false}