{"cameraMode":{"drawMode":0,"name":"Shaded","section":"Shading Mode"},"sceneLighting":false,"audioPlay":false,"sceneViewState":{"showFog":true,"showMaterialUpdate":false,"showSkybox":false,"showFlares":true,"showImageEffects":true,"showParticleSystems":true},"in2DMode":false,"pivot":{"x":0.11838392168283463,"y":1.1672900915145875,"z":0.49177923798561098},"rotation":{"x":0.08537094295024872,"y":0.023312421515583993,"z":-0.0019980526994913818,"w":0.9960744380950928},"size":7.324329376220703,"orthographic":false}