{"cameraMode":{"drawMode":0,"name":"Shaded","section":"Shading Mode"},"sceneLighting":false,"audioPlay":false,"sceneViewState":{"showFog":true,"showMaterialUpdate":false,"showSkybox":false,"showFlares":true,"showImageEffects":true,"showParticleSystems":true},"in2DMode":false,"pivot":{"x":-0.2753220200538635,"y":0.385660320520401,"z":-0.037950336933135989},"rotation":{"x":0.0008391969022341073,"y":0.9991469383239746,"z":-0.02638152614235878,"w":0.03177955374121666},"size":1.2247449159622193,"orthographic":false}