{"cameraMode":{"drawMode":0,"name":"Shaded","section":"Shading Mode"},"sceneLighting":false,"audioPlay":false,"sceneViewState":{"showFog":true,"showMaterialUpdate":false,"showSkybox":false,"showFlares":true,"showImageEffects":true,"showParticleSystems":true},"in2DMode":false,"pivot":{"x":1.659031867980957,"y":0.9429808855056763,"z":-1.3136602640151978},"rotation":{"x":0.37036582827568056,"y":0.020340215414762498,"z":-0.008112325333058834,"w":0.9286279678344727},"size":2.1213202476501467,"orthographic":false}