{"cameraMode":{"drawMode":0,"name":"Shaded","section":"Shading Mode"},"sceneLighting":false,"audioPlay":false,"sceneViewState":{"showFog":true,"showMaterialUpdate":false,"showSkybox":false,"showFlares":true,"showImageEffects":true,"showParticleSystems":true},"in2DMode":false,"pivot":{"x":-19.725000381469728,"y":2.48799991607666,"z":60.16250228881836},"rotation":{"x":0.03674333915114403,"y":0.7242876291275024,"z":-0.03871176019310951,"w":0.6874306201934815},"size":0.10911886394023895,"orthographic":false}