{"cameraMode":{"drawMode":0,"name":"Shaded","section":"Shading Mode"},"sceneLighting":false,"audioPlay":false,"sceneViewState":{"showFog":true,"showMaterialUpdate":false,"showSkybox":false,"showFlares":true,"showImageEffects":true,"showParticleSystems":true},"in2DMode":false,"pivot":{"x":-20.143449783325197,"y":2.646389961242676,"z":61.745887756347659},"rotation":{"x":0.03674333915114403,"y":0.7242876291275024,"z":-0.03871176019310951,"w":0.6874306201934815},"size":0.6398903131484985,"orthographic":false}